Controller start time,1653166215.8121884
Controller end time,1653167548.2077844
