Controller start time,1653382900.5504947
Controller end time,1653384120.8119462
