Controller start time,1653389477.7738302
Controller end time,1653390744.6586869
