Controller start time,1653309486.9511192
Controller end time,1653310753.4744287
