Controller start time,1653173141.0221205
Controller end time,1653174378.8063064
