Controller start time,1653385219.4369504
Controller end time,1653386465.3844464
