Controller start time,1653306391.6540878
Controller end time,1653307647.995297
