Controller start time,1653211770.8822608
Controller end time,1653213198.4150615
