Controller start time,1653043424.4591362
Controller end time,1653044734.5145698
