Controller start time,1652880413.7990963
Controller end time,1652882017.5050385
