Controller start time,1653230410.78013
Controller end time,1653231743.726767
