Controller start time,1653041176.8971364
Controller end time,1653042423.187611
