Controller start time,1653294619.1616962
Controller end time,1653295839.5336587
