Controller start time,1653387574.1075792
Controller end time,1653388854.0838587
