Controller start time,1653038148.9788961
Controller end time,1653038387.5520186
