Controller start time,1653405265.4461484
Controller end time,1653406546.083814
