Controller start time,1653171122.8907697
Controller end time,1653172642.209553
