Controller start time,1653037602.5031385
Controller end time,1653037916.4927511
