Controller start time,1653219174.2222888
Controller end time,1653219176.804148
