Controller start time,1653224438.1952147
Controller end time,1653224940.7618704
