Controller start time,1652479409.049396
Controller end time,1652479409.3671563
