Controller start time,1653164258.282222
Controller end time,1653165467.5913358
