Controller start time,1653039770.0237875
Controller end time,1653039946.6654804
