Controller start time,1653168526.463592
Controller end time,1653168528.1717875
