Controller start time,1653168792.2913754
Controller end time,1653170401.063288
