Controller start time,1653040369.722686
Controller end time,1653040468.6221256
