Controller start time,1653409430.9455302
Controller end time,1653410706.2558336
