Controller start time,1653175164.2433248
Controller end time,1653176508.8384757
