Controller start time,1653395205.6485379
Controller end time,1653396477.3384395
