Controller start time,1653380543.25579
Controller end time,1653381864.2745953
