Controller start time,1653040551.603994
Controller end time,1653040592.5382462
