Controller start time,1653038703.1039293
Controller end time,1653039107.4593027
