Controller start time,1653402508.4582272
Controller end time,1653403832.3386745
