Controller start time,1653037271.792537
Controller end time,1653037456.0248108
