Controller start time,1653397707.6822207
Controller end time,1653398980.0459461
