Controller start time,1653219320.985118
Controller end time,1653220641.9504735
