Controller start time,1653040021.6372025
Controller end time,1653040158.5082648
