Controller start time,1653155982.5398538
Controller end time,1653157240.3581698
