Controller start time,1653039466.081936
Controller end time,1653039621.271472
