Controller start time,1653168617.2383811
Controller end time,1653168740.6268566
