Controller start time,1653304336.2397466
Controller end time,1653305617.6809824
