Controller start time,1653311409.5624545
Controller end time,1653312776.9402292
