Controller start time,1653232947.14549
Controller end time,1653234256.4876513
